city_to_larger_region_map:
  # Utrechtse Heuvelrug
  Amerongen: "Utrechtse Heuvelrug"
  Doorn: "Utrechtse Heuvelrug"
  Driebergen‑Rijsenburg: "Utrechtse Heuvelrug"
  Leersum: "Utrechtse Heuvelrug"
  Maarn: "Utrechtse Heuvelrug"
  Maarsbergen: "Utrechtse Heuvelrug"
  Overberg: "Utrechtse Heuvelrug"
  Beerschoten: "Utrechtse Heuvelrug"
  Breedeveen: "Utrechtse Heuvelrug"
  Darthuizen: "Utrechtse Heuvelrug"
  De Groep: "Utrechtse Heuvelrug"
  Haagje: "Utrechtse Heuvelrug"
  Haspel: "Utrechtse Heuvelrug"
  Palmstad: "Utrechtse Heuvelrug"
  Sterkenburg: "Utrechtse Heuvelrug"
  Valkenheide: "Utrechtse Heuvelrug"
  Langbroek: "Utrechtse Heuvelrug"
  Soest: "Utrechtse Heuvelrug"
  Maartensdijk: "Central-Southern Group"
  Woudenberg: "Utrechtse Heuvelrug"
  Leusden: "Utrechtse Heuvelrug"
  Driebergen-Rijsenburg: "Utrechtse Heuvelrug" 
  Hoogland: "Central-Southern Group"
  Utrecht: "Central-Southern Group"
  Renswoude: "Central-Southern Group"
  Stoutenburg: "Central-Southern Group"
  Schalkwijk: "Central-Southern Group"
  Bunschoten: "Central-Southern Group"
  Utrechtse Heuvelrug: "Utrechtse Heuvelrug" 
  Rhenen: "Utrechtse Heuvelrug"
  Zeist: "Utrechtse Heuvelrug"
  De Bilt: "Central-Southern Group"
  Amersfoort: "Central-Southern Group"
  Wijk bij Duurstede: "Central-Southern Group"
  Veenendaal: "Central-Southern Group"
  
  # Specific locations/nature areas in Utrecht
  Rhenen - Laarsenberg: "Utrechtse Heuvelrug"
  Maartensdijk - Buitengebied: "Central-Southern Group"
  Maarn - Stameren - voormalige akker: "Utrechtse Heuvelrug"
  Leusden - Den Treek - Hazencasino: "Utrechtse Heuvelrug"
  Everdingen - Polder Everdingen: "Central-Southern Group"
  Veenendaal - Bezuiden Dijkstraat: "Central-Southern Group"

  # Midden-Drenthe
  Balinge: "Midden-Drenthe"
  Beilen: "Midden-Drenthe"
  Bovensmilde: "Midden-Drenthe"
  Brunsting: "Midden-Drenthe"
  Bruntinge: "Midden-Drenthe"
  Drijber: "Midden-Drenthe"
  Elp: "Midden-Drenthe"
  Eursinge: "Midden-Drenthe"
  Hijken: "Midden-Drenthe"
  Hooghalen: "Midden-Drenthe"
  Laaghalen: "Midden-Drenthe"
  Laaghalerveen: "Midden-Drenthe"
  Lieving: "Midden-Drenthe"
  Makkum: "Midden-Drenthe"
  Mantinge: "Midden-Drenthe"
  Nieuw-Balinge: "Midden-Drenthe"
  Oranje: "Midden-Drenthe"
  Orvelte: "Midden-Drenthe"
  Smalbroek: "Midden-Drenthe"
  Smilde: "Midden-Drenthe"
  Spier: "Midden-Drenthe"
  Terhorst: "Midden-Drenthe"
  Westerbork: "Midden-Drenthe"
  Wijster: "Midden-Drenthe"
  Witteveen: "Midden-Drenthe"
  Zuidveld: "Midden-Drenthe"
  Zwiggelte: "Midden-Drenthe"
  Hoogersmilde: "Midden-Drenthe"
  Gees: "Midden-Drenthe"
  Benneveld: "Midden-Drenthe"
  Stuifzand: "Midden-Drenthe"
  Pesse: "Midden-Drenthe"
  Anderen: "Midden-Drenthe"
  
  # Drents-Friese Regio (other Drenthe cities)
  Assen: "Drents-Friese Regio"
  Meppel: "Drents-Friese Regio"
  Hoogeveen: "Drents-Friese Regio"
  Emmen: "Drents-Friese Regio"
  Borger‑Odoorn: "Drents-Friese Regio"
  Aa en Hunze: "Drents-Friese Regio"
  Coevorden: "Drents-Friese Regio"
  Westerveld: "Drents-Friese Regio"
  Noordenveld: "Drents-Friese Regio"
  Tynaarlo: "Drents-Friese Regio"
  Norg: "Drents-Friese Regio"
  Roden: "Drents-Friese Regio"
  Peize: "Drents-Friese Regio"
  De Punt: "Drents-Friese Regio"
  Paterswolde: "Drents-Friese Regio"
  Veenhuizen: "Drents-Friese Regio"
  Nooitgedacht: "Drents-Friese Regio"
  Huis ter Heide: "Drents-Friese Regio"
  Anloo: "Drents-Friese Regio"
  Eext: "Drents-Friese Regio"
  Lhee: "Drents-Friese Regio"
  
  # Drenthe - Other (smaller villages and specific nature areas)
  Balloëerveld: "Drenthe - Other"
  Dwingeloo: "Drenthe - Other"
  Geesbrug: "Drenthe - Other"
  Ruinen: "Drenthe - Other"
  Oosterhesselen: "Drenthe - Other"
  Nijensleek: "Drenthe - Other"
  Grolloo: "Drenthe - Other"
  Diever: "Drenthe - Other"
  Ruinerwold: "Drenthe - Other"
  Vledder: "Drenthe - Other"
  Wapserveen: "Drenthe - Other"
  Garminge: "Drenthe - Other"
  Westdorp: "Drenthe - Other"
  Schoonloo: "Drenthe - Other"
  Koekange: "Drenthe - Other"
  Ansen: "Drenthe - Other"
  Fluitenberg: "Drenthe - Other"
  Doldersum: "Drenthe - Other"
  Zeijen: "Drenthe - Other"
  Eleveld: "Drenthe - Other"
  Uffelte: "Drenthe - Other"
  Wapse: "Drenthe - Other"
  Amen: "Drenthe - Other"
  Ekehaar: "Drenthe - Other"
  Alteveer: "Drenthe - Other"
  Oude Willem: "Drenthe - Other"
  Marwijksoord: "Drenthe - Other"
  Wateren: "Drenthe - Other"
  Papenvoort: "Drenthe - Other"
  Zuidvelde: "Drenthe - Other"
  Eeserveen: "Drenthe - Other"
  Sleen: "Drenthe - Other"
  Vledderveen: "Drenthe - Other"
  Odoorn: "Drenthe - Other"
  Nijeveen: "Drenthe - Other"
  Zweeloo: "Drenthe - Other"
  De Kiel: "Drenthe - Other"
  Weiteveen: "Drenthe - Other"
  Boschoord: "Drenthe - Other"
  Zwartemeer: "Drenthe - Other"
  Klazienaveen: "Drenthe - Other"
  Wittelte: "Drenthe - Other"
  Darp: "Drenthe - Other"
  Eldersloo: "Drenthe - Other"
  Donderen: "Drenthe - Other"
  Bronneger: "Drenthe - Other"
  Schoonebeek: "Drenthe - Other"
  Langelo: "Drenthe - Other"
  Roswinkel: "Drenthe - Other"
  Deurze: "Drenthe - Other"
  Borger: "Drenthe - Other"
  Nieuwlande: "Drenthe - Other"
  Noord-Sleen: "Drenthe - Other"
  Schoonoord: "Drenthe - Other"
  2e Exloërmond: "Drenthe - Other"
  Hollandscheveld: "Drenthe - Other"
  Dieverbrug: "Drenthe - Other"
  Geeuwenbrug: "Drenthe - Other"
  Erm: "Drenthe - Other"
  De Wijk: "Drenthe - Other"
  Elim: "Drenthe - Other"
  Dalerpeel: "Drenthe - Other"
  Hollandseveld: "Drenthe - Other"
  Zwinderen: "Drenthe - Other"
  Zuidwolde: "Drenthe - Other"
  Kerkenveld: "Drenthe - Other"
  Drogteropslagen: "Drenthe - Other"
  Nieuw-Amsterdam: "Drenthe - Other"
  Veeningen: "Drenthe - Other"
  Wezup: "Drenthe - Other"
  
  # Nature areas and special locations
  Dwingelderveld: "Drenthe - Other"
  Drents-Friese Wold: "Drenthe - Other"
  Balloërveld: "Drenthe - Other"
  Drentsche Aa: "Drenthe - Other"

  # Noord- en Midden Veluwe
  Nunspeet: "Noord- en Midden Veluwe"
  Elspeet: "Noord- en Midden Veluwe"
  Uddel: "Noord- en Midden Veluwe"
  Garderen: "Noord- en Midden Veluwe"
  Ermelo: "Noord- en Midden Veluwe"
  Putten: "Noord- en Midden Veluwe"
  Nijkerk: "Noord- en Midden Veluwe"
  Nijkerkerveen: "Noord- en Midden Veluwe"
  Voorthuizen: "Noord- en Midden Veluwe"
  Stroe: "Noord- en Midden Veluwe"
  Kootwijk: "Noord- en Midden Veluwe"
  Hulshorst: "Noord- en Midden Veluwe"
  Vierhouten: "Noord- en Midden Veluwe"
  Harderwijk: "Noord- en Midden Veluwe"
  Hierden: "Noord- en Midden Veluwe"
  Oldebroek: "Noord- en Midden Veluwe"
  Wezep: "Noord- en Midden Veluwe"
  t Harde: "Noord- en Midden Veluwe"
  Epe: "Noord- en Midden Veluwe"
  Emst: "Noord- en Midden Veluwe"
  Oene: "Noord- en Midden Veluwe"
  Heerde: "Noord- en Midden Veluwe"
  Wapenveld: "Noord- en Midden Veluwe"
  Apeldoorn: "Noord- en Midden Veluwe"
  Beekbergen: "Noord- en Midden Veluwe"
  Hoenderloo: "Noord- en Midden Veluwe"
  Hoog Soeren: "Noord- en Midden Veluwe"
  Vaassen: "Noord- en Midden Veluwe"
  Klarenbeek: "Noord- en Midden Veluwe"
  Beemte Broekland: "Noord- en Midden Veluwe"
  Voorst: "Noord- en Midden Veluwe"
  Twello: "Noord- en Midden Veluwe"
  Wilp: "Noord- en Midden Veluwe"
  Teuge: "Noord- en Midden Veluwe"
  Lieren: "Noord- en Midden Veluwe"
  Wenum Wiesel: "Noord- en Midden Veluwe" 
  Epe (Emst): "Noord- en Midden Veluwe" 
  Noord- en Midden Veluwe: "Noord- en Midden Veluwe" 
  
  # Zuidwest-Veluwe
  Ede: "Zuidwest-Veluwe"
  Lunteren: "Zuidwest-Veluwe"
  Bennekom: "Zuidwest-Veluwe"
  Wageningen: "Zuidwest-Veluwe"
  Wolfheze: "Zuidwest-Veluwe"
  Doorwerth: "Zuidwest-Veluwe"
  Renkum: "Zuidwest-Veluwe"
  Oosterbeek: "Zuidwest-Veluwe"
  Arnhem: "Zuidwest-Veluwe"
  Rozendaal: "Zuidwest-Veluwe"
  Rheden: "Zuidwest-Veluwe"
  De Steeg: "Zuidwest-Veluwe"
  Dieren: "Zuidwest-Veluwe"
  Barneveld: "Zuidwest-Veluwe"
  Harskamp: "Zuidwest-Veluwe"
  Kootwijkerbroek: "Zuidwest-Veluwe"
  Scherpenzeel: "Zuidwest-Veluwe"
  Terschuur: "Zuidwest-Veluwe"
  Wekerom: "Zuidwest-Veluwe"
  Otterlo: "Zuidwest-Veluwe"
  De Glind: "Zuidwest-Veluwe"
  Loenen: "Zuidwest-Veluwe"
  Veessen: "Zuidwest-Veluwe"
  Elburg: "Zuidwest-Veluwe"
  Doornspijk: "Zuidwest-Veluwe"
  Hattem: "Zuidwest-Veluwe"
  Zwartebroek: "Zuidwest-Veluwe"
  Vethuizen: "Zuidwest-Veluwe"
  Eesveen: "Zuidwest-Veluwe"
  Zuidwest-Veluwe: "Zuidwest-Veluwe" 
  
  # Overijssel
  De Heurne: "Overijssel" 
  Zwolle: "Overijssel"
  Deventer: "Overijssel"
  Kampen: "Overijssel"
  IJsselmuiden: "Overijssel"
  Staphorst: "Overijssel"
  Rouveen: "Overijssel"
  Dalfsen: "Overijssel"
  Heino: "Overijssel"
  Wijhe: "Overijssel"
  Olst: "Overijssel"
  Rijssen: "Overijssel"
  Holten: "Overijssel"
  Markelo: "Overijssel"
  Beckum: "Overijssel"
  Hof van Twente: "Overijssel"
  Diepenheim: "Overijssel"
  Goor: "Overijssel"
  Delden: "Overijssel"
  Ambt Delden: "Overijssel"
  Borne: "Overijssel"
  Zenderen: "Overijssel"
  Almelo: "Overijssel"
  Wierden: "Overijssel"
  Enter: "Overijssel"
  Rijssen-Holten: "Overijssel"
  Hellendoorn: "Overijssel"
  Nijverdal: "Overijssel"
  Balkbrug: "Overijssel"
  Nieuwleusen: "Overijssel"
  Dedemsvaart: "Overijssel"
  Hardenberg: "Overijssel"
  Bergentheim: "Overijssel"
  Vroomshoop: "Overijssel"
  Den Ham: "Overijssel"
  Avereest: "Overijssel"
  Steenwijk: "Overijssel"
  Kuinre: "Overijssel"
  Zwartewaterland: "Overijssel"
  Hasselt: "Overijssel"
  Zwartsluis: "Overijssel"
  Genemuiden: "Overijssel"
  Enschede: "Overijssel"
  Hengelo: "Overijssel"
  Oldenzaal: "Overijssel"
  Losser: "Overijssel"
  Denekamp: "Overijssel"
  Tubbergen: "Overijssel"
  Vriezenveen: "Overijssel"
  Twenterand: "Overijssel"
  Westerhaar-Vriezenveensewijk: "Overijssel"
  Slagharen: "Overijssel"
  Rheeze: "Overijssel"
  Ommen: "Overijssel"
  Lemerveld: "Overijssel"
  Nieuw Heeten: "Overijssel"
  Punthorst: "Overijssel"
  Damsholte: "Overijssel"
  Beerzerveld: "Overijssel"
  Laag Zuthem: "Overijssel"
  Laag-Zuthem: "Overijssel"
  Nutter: "Overijssel"
  Hoge Hexel: "Overijssel"
  Schuinesloot: "Overijssel"
  Luttenberg: "Overijssel"
  Terwolde: "Overijssel"
  Nijbroek: "Overijssel"
  Deurningen: "Overijssel"
  Weerselo: "Overijssel"
  Geesteren: "Overijssel"
  Haaksbergen: "Overijssel"
  Eibergen: "Overijssel"
  Ruurlo: "Overijssel"
  Lochem: "Overijssel"
  Berkelland: "Overijssel"
  Dinkelland: "Overijssel"
  Creil: "Overijssel"
  Sallandse Heuvelrug: "Overijssel"
  Kloosterhaar: "Overijssel"
  Engbertsdijksvenen: "Overijssel"
  Rekken: "Overijssel"
  Olst-Wijhe: "Overijssel"
  
  # Gelderland - Other
  Barneveld, Stroe, Stroeërschoolweg: "Gelderland - Other"
  Doetinchem: "Gelderland - Other"
  Winterswijk: "Gelderland - Other"
  Zieuwent: "Gelderland - Other"
  Vorden: "Gelderland - Other"
  Bronckhorst: "Gelderland - Other"
  Doesburg: "Gelderland - Other"
  Zevenaar: "Gelderland - Other"
  Duiven: "Gelderland - Other"
  Westervoort: "Gelderland - Other"
  Huissen: "Gelderland - Other"
  Lingewaard: "Gelderland - Other"
  Bemmel: "Gelderland - Other"
  Gendt: "Gelderland - Other"
  Angeren: "Gelderland - Other"
  Rijnwaarden: "Gelderland - Other"
  Lobith: "Gelderland - Other"
  Tolkamer: "Gelderland - Other"
  Pannerden: "Gelderland - Other"
  Babberich: "Gelderland - Other"
  Wehl: "Gelderland - Other"
  Didam: "Gelderland - Other"
  Angerlo: "Gelderland - Other"
  Laag-Keppel: "Gelderland - Other"
  Loerbeek: "Gelderland - Other"
  Bergharen: "Gelderland - Other"
  Haalderen: "Gelderland - Other"
  Megchelen: "Gelderland - Other"
  Elst: "Gelderland - Other"
  Oosterhout: "Gelderland - Other"
  Valburg: "Gelderland - Other"
  Overbetuwe: "Gelderland - Other"
  Heteren: "Gelderland - Other"
  Opheusden: "Gelderland - Other"
  Kesteren: "Gelderland - Other"
  Dodewaard: "Gelderland - Other"
  IJzendoorn: "Gelderland - Other"
  Ochten: "Gelderland - Other"
  Echteld: "Gelderland - Other"
  Randwijk: "Gelderland - Other"
  Hemmen: "Gelderland - Other"
  Ooij: "Gelderland - Other"
  Groesbeek: "Gelderland - Other"
  Millingen aan de Rijn: "Gelderland - Other"
  Ubbergen: "Gelderland - Other"
  Berg en Dal: "Gelderland - Other"
  Nijmegen: "Gelderland - Other"
  Beuningen: "Gelderland - Other"
  Ewijk: "Gelderland - Other"
  Winssen: "Gelderland - Other"
  Druten: "Gelderland - Other"
  Afferden: "Gelderland - Other"
  Deest: "Gelderland - Other"
  Horssen: "Gelderland - Other"
  Altforst: "Gelderland - Other"
  Heumen: "Gelderland - Other"
  Malden: "Gelderland - Other"
  Molenhoek: "Gelderland - Other"
  Mook: "Gelderland - Other"
  Plasmolen: "Gelderland - Other"
  Cuijk: "Gelderland - Other"
  Grave: "Gelderland - Other"
  Mill: "Gelderland - Other"
  Wijchen: "Gelderland - Other"
  Alverna: "Gelderland - Other"
  Hernen: "Gelderland - Other"
  Leur: "Gelderland - Other"
  Neder-Betuwe: "Gelderland - Other"
  West Betuwe: "Gelderland - Other"
  Tiel: "Gelderland - Other"
  Geldermalsen: "Gelderland - Other"
  Lingewaal: "Gelderland - Other"
  Buren: "Gelderland - Other"
  Culemborg: "Gelderland - Other"
  Buurmalsen: "Gelderland - Other"
  Tricht: "Gelderland - Other"
  Beusichem: "Gelderland - Other"
  Rijswijk: "Gelderland - Other"
  Maurik: "Gelderland - Other"
  Wamel: "Gelderland - Other"
  Aalst: "Gelderland - Other"
  Zaltbommel: "Gelderland - Other"
  Brakel: "Gelderland - Other"
  Poederoijen: "Gelderland - Other"
  Kerkwijk: "Gelderland - Other"
  Gameren: "Gelderland - Other"
  Nieuwaal: "Gelderland - Other"
  Deil: "Gelderland - Other"
  Acquoy: "Gelderland - Other"
  Meteren: "Gelderland - Other"
  Rumpt: "Gelderland - Other"
  Ammerzoden: "Gelderland - Other"
  Bruchem: "Gelderland - Other"
  Rossum: "Gelderland - Other"
  Beesd: "Gelderland - Other"
  Noordeinde: "Gelderland - Other"
  Welsum: "Gelderland - Other"
  Meerveld: "Gelderland - Other"
  Laren: "Gelderland - Other"
  Vorchten: "Gelderland - Other"
  Kallenkote: "Gelderland - Other"
  Willemsoord: "Gelderland - Other"
  Montferland: "Gelderland - Other"
  Kilder: "Gelderland - Other"
  Halle: "Gelderland - Other"
  
  # Special locations/nature areas
  Ede - Noord Ginkel: "Zuidwest-Veluwe"
  Hoge Veluwe: "Zuidwest-Veluwe"
  Veluwezoom: "Zuidwest-Veluwe"
  Wiesel: "Noord- en Midden Veluwe"
  Hoge Hexel - De Kolonie: "Overijssel"
  De Lutte - Molterheurne: "Overijssel"
  Assel - Asselse Heide: "Overijssel"
  Hoog Buurlo - Koeflesch: "Overijssel"
  Otterlo - Mosselsche Zand: "Zuidwest-Veluwe"
  Staverden - Landgoed Staverden: "Noord- en Midden Veluwe"
  Geesteren (OV): "Overijssel"
  Balkbrug - Kievitshaar: "Overijssel"
  Wezep - Wezepsche Heide: "Noord- en Midden Veluwe"
  Wapenveld - Zwolsche Bosch: "Noord- en Midden Veluwe"
  Tongeren - Tepelbergweg: "Overijssel"
  Heerde - Hoornerveen: "Noord- en Midden Veluwe"
  Rekken - Havelandweg e.o.: "Overijssel"
  Bergentheim - Van Roijensweg Oostzijde: "Overijssel"
  Hatertse Vennen - Munnekeveld: "Gelderland - Other"
  Boswachterij Staphorst: "Overijssel"
  Luttenberg - De Luttenberg: "Overijssel"
  Bergherbosch (Montferland): "Gelderland - Other"
  A1 - Rijssen: "Overijssel"
  Ruurlo - Boswachterij Ruurlo: "Gelderland - Other"
  Diepenheim - Huize Diepenheim: "Overijssel"
  Boswachterij Hardenberg - Diffelerveld: "Overijssel"
  Geldermalsen - Linge en oeverlanden: "Gelderland - Other"
  Bemmel - Bemmelse Polder - Ambtswaard: "Gelderland - Other"
  Randwijk - Randwijksche Uiterwaarden: "Gelderland - Other"
  Dalfsen - Mataram: "Overijssel"
  A2 - Beesd: "Gelderland - Other"
  Nijmegen - Dukenburg - park Staddijk: "Gelderland - Other"

  # Friesland
  Hoornsterzwaag: "Groningen & Friesland - Other"
  Nieuwehorne: "Groningen & Friesland - Other"
  Boijl: "Groningen & Friesland - Other"
  Oosterwolde: "Groningen & Friesland - Other"
  Jubbega: "Groningen & Friesland - Other"
  Elsloo: "Groningen & Friesland - Other"
  Oldeholtpade: "Groningen & Friesland - Other"
  De Hoeve: "Groningen & Friesland - Other"
  Oudehorne: "Groningen & Friesland - Other"
  Appelscha: "Groningen & Friesland - Other"
  Makkinga: "Groningen & Friesland - Other"
  Zandhuizen: "Groningen & Friesland - Other"
  Siegerswoude: "Groningen & Friesland - Other"
  Ureterp: "Groningen & Friesland - Other"
  Hemrik: "Groningen & Friesland - Other"
  Olterterp: "Groningen & Friesland - Other"
  Katlijk: "Groningen & Friesland - Other"
  Fochteloo: "Groningen & Friesland - Other"
  Oosterstreek: "Groningen & Friesland - Other"
  Oldeholtwolde: "Groningen & Friesland - Other"
  Ter Idzard: "Groningen & Friesland - Other"
  Oldeberkoop: "Groningen & Friesland - Other"
  Haule: "Groningen & Friesland - Other"
  Bakkeveen: "Groningen & Friesland - Other"
  Haulerwijk: "Groningen & Friesland - Other"
  Noordwolde: "Groningen & Friesland - Other"
  Vinkega: "Groningen & Friesland - Other"
  Steggerda: "Groningen & Friesland - Other"
  Nijeberkoop: "Groningen & Friesland - Other"
  Lippenhuizen: "Groningen & Friesland - Other"
  Ravenswoud: "Groningen & Friesland - Other"
  Langedijke: "Groningen & Friesland - Other"
  Follega: "Groningen & Friesland - Other"
  Bantega: "Groningen & Friesland - Other"
  Opsterland: "Groningen & Friesland - Other"
  Gorredijk: "Groningen & Friesland - Other"
  Noordwolde-Zuid: "Groningen & Friesland - Other"
  Goënga: "Groningen & Friesland - Other"
  Oranjewoud: "Groningen & Friesland - Other"
  Donkerbroek: "Groningen & Friesland - Other"
  Boornbergum (Smallingerland): "Groningen & Friesland - Other"
  Rinsumageest: "Groningen & Friesland - Other"
  Oldelamer: "Groningen & Friesland - Other"
  Driesum: "Groningen & Friesland - Other"
  Langezwaag: "Groningen & Friesland - Other"
  De Knipe: "Groningen & Friesland - Other"
  Tytsjerksteradiel: "Groningen & Friesland - Other"
  Ooststellingwerf: "Groningen & Friesland - Other"
  Heerenveen: "Groningen & Friesland - Other"
  Weststellingwerf: "Groningen & Friesland - Other"
  De Fryske Marren: "Groningen & Friesland - Other"
  Noardeast-Fryslân: "Groningen & Friesland - Other"
  Ooststellingwerf (gemeente): "Groningen & Friesland - Other"
  
  # Additional Drenthe locations
  Eext (landgoed Heidehof): "Drents-Friese Regio"
  Hooghalen (Geelbroek): "Midden-Drenthe"
  Delleboersterheide: "Drenthe - Other"
  Rolde - Rolderveld: "Drents-Friese Regio"
  Elsloo - De Monden: "Drenthe - Other"
  Schoonloo - Boswachterij Schoonloo - Zuid: "Drenthe - Other"
  Bontebok: "Drenthe - Other"
  Norg - Bos aan Noordsche Veld: "Drents-Friese Regio"
  Lhee - Schietveld: "Drents-Friese Regio"
  Rottige Meente: "Drenthe - Other"
  A28 - Zuidwolde (DR): "Drenthe - Other"
  Zweelo - Lange Maten: "Drenthe - Other"
  Wezup - Wezuperveld: "Drenthe - Other"
  
  # Municipality names (general areas)
  Midden-Drenthe: "Midden-Drenthe"
  Borger-Odoorn: "Drents-Friese Regio"
  De Wolden: "Drenthe - Other"
  De Wolden (gemeente): "Drenthe - Other"
  Aa en Hunze (gemeente): "Drents-Friese Regio"
  Oud Ootmarsum: "Overijssel"
  # Others
  "nan": "Others" 
  
  # Mapping leftover provinces:
  Groningen: "Groningen & Friesland - Other"
  Flevoland: "Central-Southern Group"
  Zuid-Holland: "Central-Southern Group"
  Noord-Holland: "Central-Southern Group"
  Zeeland: "Central-Southern Group"
  Noord-Brabant: "Central-Southern Group"
  Limburg: "Central-Southern Group"
  Onbekend: "Others" 
  Drenthe: "Drenthe - Other"